experiment_id,threshold,step_per_time,limit,cluster_cpu,lambda,mu,request_flg,scale_sensitive,scale_interval,scale_target,serverless_timer,instance_flg,default_flg,default_instance_num, default_start_instances,default_setuptime,default_shutdowntime,default_capacity,default_num_cpu,default_queue_length,default_status,sim_flg,sim_default_output_file
20260817,10000,100000,req,102400,100,100,input,0.1,15,0.6,600,serverless,TRUE,102400,0,1,1,100,1,-1,inactive,verbose,./result/result_100000step100000reqs_serverless.csv
20260817,10000,100000,req,102400,100,100,input,0.1,15,0.6,600,container,TRUE,51200,1,30,30,100,2,-1,inactive,verbose,./result/result_100000step100000reqs_balancer_with_queue.csv
20260817,10000,100000,req,102400,100,100,input,0.1,15,0.6,600,container,TRUE,6400,1,30,30,100,16,-1,inactive,verbose,./result/result_100000step100000reqs_balancer_with_queue.csv
20260817,10000,100000,req,102400,200,100,input,0.1,15,0.6,600,serverless,TRUE,102400,0,1,1,100,1,-1,inactive,verbose,./result/result_100000step100000reqs_serverless.csv
20260817,10000,100000,req,102400,200,100,input,0.1,15,0.6,600,container,TRUE,51200,2,30,30,100,2,-1,inactive,verbose,./result/result_100000step100000reqs_balancer_with_queue.csv
20260817,10000,100000,req,102400,200,100,input,0.1,15,0.6,600,container,TRUE,6400,1,30,30,100,16,-1,inactive,verbose,./result/result_100000step100000reqs_balancer_with_queue.csv
20260817,10000,100000,req,102400,400,100,input,0.1,15,0.6,600,serverless,TRUE,102400,0,1,1,100,1,-1,inactive,verbose,./result/result_100000step100000reqs_serverless.csv
20260817,10000,100000,req,102400,400,100,input,0.1,15,0.6,600,container,TRUE,51200,4,30,30,100,2,-1,inactive,verbose,./result/result_100000step100000reqs_balancer_with_queue.csv
20260817,10000,100000,req,102400,400,100,input,0.1,15,0.6,600,container,TRUE,6400,1,30,30,100,16,-1,inactive,verbose,./result/result_100000step100000reqs_balancer_with_queue.csv
20260817,10000,100000,req,102400,800,100,input,0.1,15,0.6,600,serverless,TRUE,102400,0,1,1,100,1,-1,inactive,verbose,./result/result_100000step100000reqs_serverless.csv
20260817,10000,100000,req,102400,800,100,input,0.1,15,0.6,600,container,TRUE,51200,7,30,30,100,2,-1,inactive,verbose,./result/result_100000step100000reqs_balancer_with_queue.csv
20260817,10000,100000,req,102400,800,100,input,0.1,15,0.6,600,container,TRUE,6400,1,30,30,100,16,-1,inactive,verbose,./result/result_100000step100000reqs_balancer_with_queue.csv
20260817,10000,100000,req,102400,1600,100,input,0.1,15,0.6,600,serverless,TRUE,102400,0,1,1,100,1,-1,inactive,verbose,./result/result_100000step100000reqs_serverless.csv
20260817,10000,100000,req,102400,1600,100,input,0.1,15,0.6,600,container,TRUE,51200,14,30,30,100,2,-1,inactive,verbose,./result/result_100000step100000reqs_balancer_with_queue.csv
20260817,10000,100000,req,102400,1600,100,input,0.1,15,0.6,600,container,TRUE,6400,2,30,30,100,16,-1,inactive,verbose,./result/result_100000step100000reqs_balancer_with_queue.csv
20260817,10000,100000,req,102400,10,10,input,0.1,15,0.6,600,serverless,TRUE,102400,0,1,1,100,1,-1,inactive,verbose,./result/result_100000step100000reqs_serverless.csv
20260817,10000,100000,req,102400,10,10,input,0.1,15,0.6,600,container,TRUE,51200,1,30,30,100,2,-1,inactive,verbose,./result/result_100000step100000reqs_balancer_with_queue.csv
20260817,10000,100000,req,102400,10,10,input,0.1,15,0.6,600,container,TRUE,6400,1,30,30,100,16,-1,inactive,verbose,./result/result_100000step100000reqs_balancer_with_queue.csv
20260817,10000,100000,req,102400,20,10,input,0.1,15,0.6,600,serverless,TRUE,102400,0,1,1,100,1,-1,inactive,verbose,./result/result_100000step100000reqs_serverless.csv
20260817,10000,100000,req,102400,20,10,input,0.1,15,0.6,600,container,TRUE,51200,2,30,30,100,2,-1,inactive,verbose,./result/result_100000step100000reqs_balancer_with_queue.csv
20260817,10000,100000,req,102400,20,10,input,0.1,15,0.6,600,container,TRUE,6400,1,30,30,100,16,-1,inactive,verbose,./result/result_100000step100000reqs_balancer_with_queue.csv
20260817,10000,100000,req,102400,40,10,input,0.1,15,0.6,600,serverless,TRUE,102400,0,1,1,100,1,-1,inactive,verbose,./result/result_100000step100000reqs_serverless.csv
20260817,10000,100000,req,102400,40,10,input,0.1,15,0.6,600,container,TRUE,51200,4,30,30,100,2,-1,inactive,verbose,./result/result_100000step100000reqs_balancer_with_queue.csv
20260817,10000,100000,req,102400,40,10,input,0.1,15,0.6,600,container,TRUE,6400,1,30,30,100,16,-1,inactive,verbose,./result/result_100000step100000reqs_balancer_with_queue.csv
20260817,10000,100000,req,102400,80,10,input,0.1,15,0.6,600,serverless,TRUE,102400,0,1,1,100,1,-1,inactive,verbose,./result/result_100000step100000reqs_serverless.csv
20260817,10000,100000,req,102400,80,10,input,0.1,15,0.6,600,container,TRUE,51200,7,30,30,100,2,-1,inactive,verbose,./result/result_100000step100000reqs_balancer_with_queue.csv
20260817,10000,100000,req,102400,80,10,input,0.1,15,0.6,600,container,TRUE,6400,1,30,30,100,16,-1,inactive,verbose,./result/result_100000step100000reqs_balancer_with_queue.csv
20260817,10000,100000,req,102400,160,10,input,0.1,15,0.6,600,serverless,TRUE,102400,0,1,1,100,1,-1,inactive,verbose,./result/result_100000step100000reqs_serverless.csv
20260817,10000,100000,req,102400,160,10,input,0.1,15,0.6,600,container,TRUE,51200,14,30,30,100,2,-1,inactive,verbose,./result/result_100000step100000reqs_balancer_with_queue.csv
20260817,10000,100000,req,102400,160,10,input,0.1,15,0.6,600,container,TRUE,6400,2,30,30,100,16,-1,inactive,verbose,./result/result_100000step100000reqs_balancer_with_queue.csv
20260817,10000,100000,req,102400,1,1,input,0.1,15,0.6,600,serverless,TRUE,102400,0,1,1,100,1,-1,inactive,verbose,./result/result_100000step100000reqs_serverless.csv
20260817,10000,100000,req,102400,1,1,input,0.1,15,0.6,600,container,TRUE,51200,1,30,30,100,2,-1,inactive,verbose,./result/result_100000step100000reqs_balancer_with_queue.csv
20260817,10000,100000,req,102400,1,1,input,0.1,15,0.6,600,container,TRUE,6400,1,30,30,100,16,-1,inactive,verbose,./result/result_100000step100000reqs_balancer_with_queue.csv
20260817,10000,100000,req,102400,2,1,input,0.1,15,0.6,600,serverless,TRUE,102400,0,1,1,100,1,-1,inactive,verbose,./result/result_100000step100000reqs_serverless.csv
20260817,10000,100000,req,102400,2,1,input,0.1,15,0.6,600,container,TRUE,51200,2,30,30,100,2,-1,inactive,verbose,./result/result_100000step100000reqs_balancer_with_queue.csv
20260817,10000,100000,req,102400,2,1,input,0.1,15,0.6,600,container,TRUE,6400,1,30,30,100,16,-1,inactive,verbose,./result/result_100000step100000reqs_balancer_with_queue.csv
20260817,10000,100000,req,102400,4,1,input,0.1,15,0.6,600,serverless,TRUE,102400,0,1,1,100,1,-1,inactive,verbose,./result/result_100000step100000reqs_serverless.csv
20260817,10000,100000,req,102400,4,1,input,0.1,15,0.6,600,container,TRUE,51200,4,30,30,100,2,-1,inactive,verbose,./result/result_100000step100000reqs_balancer_with_queue.csv
20260817,10000,100000,req,102400,4,1,input,0.1,15,0.6,600,container,TRUE,6400,1,30,30,100,16,-1,inactive,verbose,./result/result_100000step100000reqs_balancer_with_queue.csv
20260817,10000,100000,req,102400,8,1,input,0.1,15,0.6,600,serverless,TRUE,102400,0,1,1,100,1,-1,inactive,verbose,./result/result_100000step100000reqs_serverless.csv
20260817,10000,100000,req,102400,8,1,input,0.1,15,0.6,600,container,TRUE,51200,7,30,30,100,2,-1,inactive,verbose,./result/result_100000step100000reqs_balancer_with_queue.csv
20260817,10000,100000,req,102400,8,1,input,0.1,15,0.6,600,container,TRUE,6400,1,30,30,100,16,-1,inactive,verbose,./result/result_100000step100000reqs_balancer_with_queue.csv
20260817,10000,100000,req,102400,16,1,input,0.1,15,0.6,600,serverless,TRUE,102400,0,1,1,100,1,-1,inactive,verbose,./result/result_100000step100000reqs_serverless.csv
20260817,10000,100000,req,102400,16,1,input,0.1,15,0.6,600,container,TRUE,51200,14,30,30,100,2,-1,inactive,verbose,./result/result_100000step100000reqs_balancer_with_queue.csv
20260817,10000,100000,req,102400,16,1,input,0.1,15,0.6,600,container,TRUE,6400,2,30,30,100,16,-1,inactive,verbose,./result/result_100000step100000reqs_balancer_with_queue.csv
20260817,10000,100000,req,102400,0.1,0.1,input,0.1,15,0.6,600,serverless,TRUE,102400,0,1,1,100,1,-1,inactive,verbose,./result/result_100000step100000reqs_serverless.csv
20260817,10000,100000,req,102400,0.1,0.1,input,0.1,15,0.6,600,container,TRUE,51200,1,30,30,100,2,-1,inactive,verbose,./result/result_100000step100000reqs_balancer_with_queue.csv
20260817,10000,100000,req,102400,0.1,0.1,input,0.1,15,0.6,600,container,TRUE,6400,1,30,30,100,16,-1,inactive,verbose,./result/result_100000step100000reqs_balancer_with_queue.csv
20260817,10000,100000,req,102400,0.2,0.1,input,0.1,15,0.6,600,serverless,TRUE,102400,0,1,1,100,1,-1,inactive,verbose,./result/result_100000step100000reqs_serverless.csv
20260817,10000,100000,req,102400,0.2,0.1,input,0.1,15,0.6,600,container,TRUE,51200,2,30,30,100,2,-1,inactive,verbose,./result/result_100000step100000reqs_balancer_with_queue.csv
20260817,10000,100000,req,102400,0.2,0.1,input,0.1,15,0.6,600,container,TRUE,6400,1,30,30,100,16,-1,inactive,verbose,./result/result_100000step100000reqs_balancer_with_queue.csv
20260817,10000,100000,req,102400,0.4,0.1,input,0.1,15,0.6,600,serverless,TRUE,102400,0,1,1,100,1,-1,inactive,verbose,./result/result_100000step100000reqs_serverless.csv
20260817,10000,100000,req,102400,0.4,0.1,input,0.1,15,0.6,600,container,TRUE,51200,4,30,30,100,2,-1,inactive,verbose,./result/result_100000step100000reqs_balancer_with_queue.csv
20260817,10000,100000,req,102400,0.4,0.1,input,0.1,15,0.6,600,container,TRUE,6400,1,30,30,100,16,-1,inactive,verbose,./result/result_100000step100000reqs_balancer_with_queue.csv
20260817,10000,100000,req,102400,0.8,0.1,input,0.1,15,0.6,600,serverless,TRUE,102400,0,1,1,100,1,-1,inactive,verbose,./result/result_100000step100000reqs_serverless.csv
20260817,10000,100000,req,102400,0.8,0.1,input,0.1,15,0.6,600,container,TRUE,51200,7,30,30,100,2,-1,inactive,verbose,./result/result_100000step100000reqs_balancer_with_queue.csv
20260817,10000,100000,req,102400,0.8,0.1,input,0.1,15,0.6,600,container,TRUE,6400,1,30,30,100,16,-1,inactive,verbose,./result/result_100000step100000reqs_balancer_with_queue.csv
20260817,10000,100000,req,102400,1.6,0.1,input,0.1,15,0.6,600,serverless,TRUE,102400,0,1,1,100,1,-1,inactive,verbose,./result/result_100000step100000reqs_serverless.csv
20260817,10000,100000,req,102400,1.6,0.1,input,0.1,15,0.6,600,container,TRUE,51200,14,30,30,100,2,-1,inactive,verbose,./result/result_100000step100000reqs_balancer_with_queue.csv
20260817,10000,100000,req,102400,1.6,0.1,input,0.1,15,0.6,600,container,TRUE,6400,2,30,30,100,16,-1,inactive,verbose,./result/result_100000step100000reqs_balancer_with_queue.csv
20260817,10000,100000,req,102400,0.01,0.01,input,0.1,15,0.6,600,serverless,TRUE,102400,0,1,1,100,1,-1,inactive,verbose,./result/result_100000step100000reqs_serverless.csv
20260817,10000,100000,req,102400,0.01,0.01,input,0.1,15,0.6,600,container,TRUE,51200,1,30,30,100,2,-1,inactive,verbose,./result/result_100000step100000reqs_balancer_with_queue.csv
20260817,10000,100000,req,102400,0.01,0.01,input,0.1,15,0.6,600,container,TRUE,6400,1,30,30,100,16,-1,inactive,verbose,./result/result_100000step100000reqs_balancer_with_queue.csv
20260817,10000,100000,req,102400,0.02,0.01,input,0.1,15,0.6,600,serverless,TRUE,102400,0,1,1,100,1,-1,inactive,verbose,./result/result_100000step100000reqs_serverless.csv
20260817,10000,100000,req,102400,0.02,0.01,input,0.1,15,0.6,600,container,TRUE,51200,2,30,30,100,2,-1,inactive,verbose,./result/result_100000step100000reqs_balancer_with_queue.csv
20260817,10000,100000,req,102400,0.02,0.01,input,0.1,15,0.6,600,container,TRUE,6400,1,30,30,100,16,-1,inactive,verbose,./result/result_100000step100000reqs_balancer_with_queue.csv
20260817,10000,100000,req,102400,0.04,0.01,input,0.1,15,0.6,600,serverless,TRUE,102400,0,1,1,100,1,-1,inactive,verbose,./result/result_100000step100000reqs_serverless.csv
20260817,10000,100000,req,102400,0.04,0.01,input,0.1,15,0.6,600,container,TRUE,51200,4,30,30,100,2,-1,inactive,verbose,./result/result_100000step100000reqs_balancer_with_queue.csv
20260817,10000,100000,req,102400,0.04,0.01,input,0.1,15,0.6,600,container,TRUE,6400,1,30,30,100,16,-1,inactive,verbose,./result/result_100000step100000reqs_balancer_with_queue.csv
20260817,10000,100000,req,102400,0.08,0.01,input,0.1,15,0.6,600,serverless,TRUE,102400,0,1,1,100,1,-1,inactive,verbose,./result/result_100000step100000reqs_serverless.csv
20260817,10000,100000,req,102400,0.08,0.01,input,0.1,15,0.6,600,container,TRUE,51200,7,30,30,100,2,-1,inactive,verbose,./result/result_100000step100000reqs_balancer_with_queue.csv
20260817,10000,100000,req,102400,0.08,0.01,input,0.1,15,0.6,600,container,TRUE,6400,1,30,30,100,16,-1,inactive,verbose,./result/result_100000step100000reqs_balancer_with_queue.csv
20260817,10000,100000,req,102400,0.16,0.01,input,0.1,15,0.6,600,serverless,TRUE,102400,0,1,1,100,1,-1,inactive,verbose,./result/result_100000step100000reqs_serverless.csv
20260817,10000,100000,req,102400,0.16,0.01,input,0.1,15,0.6,600,container,TRUE,51200,14,30,30,100,2,-1,inactive,verbose,./result/result_100000step100000reqs_balancer_with_queue.csv
20260817,10000,100000,req,102400,0.16,0.01,input,0.1,15,0.6,600,container,TRUE,6400,2,30,30,100,16,-1,inactive,verbose,./result/result_100000step100000reqs_balancer_with_queue.csv
20260817,10000,100000,req,102400,100,100,input,0.1,15,0.6,600,container,TRUE,102400,2,30,30,100,1,-1,inactive,verbose,./result/result_100000step100000reqs_balancer_with_queue.csv
20260817,10000,100000,req,102400,100,100,input,0.1,15,0.6,600,container,TRUE,25600,1,30,30,100,4,-1,inactive,verbose,./result/result_100000step100000reqs_balancer_with_queue.csv
20260817,10000,100000,req,102400,100,100,input,0.1,15,0.6,600,container,TRUE,12800,1,30,30,100,8,-1,inactive,verbose,./result/result_100000step100000reqs_balancer_with_queue.csv
20260817,10000,100000,req,102400,100,100,input,0.1,15,0.6,600,container,TRUE,3200,1,30,30,100,32,-1,inactive,verbose,./result/result_100000step100000reqs_balancer_with_queue.csv
20260817,10000,100000,req,102400,100,100,input,0.1,15,0.6,600,container,TRUE,1600,1,30,30,100,64,-1,inactive,verbose,./result/result_100000step100000reqs_balancer_with_queue.csv
20260817,10000,100000,req,102400,200,100,input,0.1,15,0.6,600,container,TRUE,102400,4,30,30,100,1,-1,inactive,verbose,./result/result_100000step100000reqs_balancer_with_queue.csv
20260817,10000,100000,req,102400,200,100,input,0.1,15,0.6,600,container,TRUE,25600,1,30,30,100,4,-1,inactive,verbose,./result/result_100000step100000reqs_balancer_with_queue.csv
20260817,10000,100000,req,102400,200,100,input,0.1,15,0.6,600,container,TRUE,12800,1,30,30,100,8,-1,inactive,verbose,./result/result_100000step100000reqs_balancer_with_queue.csv
20260817,10000,100000,req,102400,200,100,input,0.1,15,0.6,600,container,TRUE,3200,1,30,30,100,32,-1,inactive,verbose,./result/result_100000step100000reqs_balancer_with_queue.csv
20260817,10000,100000,req,102400,200,100,input,0.1,15,0.6,600,container,TRUE,1600,1,30,30,100,64,-1,inactive,verbose,./result/result_100000step100000reqs_balancer_with_queue.csv
20260817,10000,100000,req,102400,400,100,input,0.1,15,0.6,600,container,TRUE,102400,7,30,30,100,1,-1,inactive,verbose,./result/result_100000step100000reqs_balancer_with_queue.csv
20260817,10000,100000,req,102400,400,100,input,0.1,15,0.6,600,container,TRUE,25600,2,30,30,100,4,-1,inactive,verbose,./result/result_100000step100000reqs_balancer_with_queue.csv
20260817,10000,100000,req,102400,400,100,input,0.1,15,0.6,600,container,TRUE,12800,1,30,30,100,8,-1,inactive,verbose,./result/result_100000step100000reqs_balancer_with_queue.csv
20260817,10000,100000,req,102400,400,100,input,0.1,15,0.6,600,container,TRUE,3200,1,30,30,100,32,-1,inactive,verbose,./result/result_100000step100000reqs_balancer_with_queue.csv
20260817,10000,100000,req,102400,400,100,input,0.1,15,0.6,600,container,TRUE,1600,1,30,30,100,64,-1,inactive,verbose,./result/result_100000step100000reqs_balancer_with_queue.csv
20260817,10000,100000,req,102400,800,100,input,0.1,15,0.6,600,container,TRUE,102400,14,30,30,100,1,-1,inactive,verbose,./result/result_100000step100000reqs_balancer_with_queue.csv
20260817,10000,100000,req,102400,800,100,input,0.1,15,0.6,600,container,TRUE,25600,4,30,30,100,4,-1,inactive,verbose,./result/result_100000step100000reqs_balancer_with_queue.csv
20260817,10000,100000,req,102400,800,100,input,0.1,15,0.6,600,container,TRUE,12800,2,30,30,100,8,-1,inactive,verbose,./result/result_100000step100000reqs_balancer_with_queue.csv
20260817,10000,100000,req,102400,800,100,input,0.1,15,0.6,600,container,TRUE,3200,1,30,30,100,32,-1,inactive,verbose,./result/result_100000step100000reqs_balancer_with_queue.csv
20260817,10000,100000,req,102400,800,100,input,0.1,15,0.6,600,container,TRUE,1600,1,30,30,100,64,-1,inactive,verbose,./result/result_100000step100000reqs_balancer_with_queue.csv
20260817,10000,100000,req,102400,1600,100,input,0.1,15,0.6,600,container,TRUE,102400,27,30,30,100,1,-1,inactive,verbose,./result/result_100000step100000reqs_balancer_with_queue.csv
20260817,10000,100000,req,102400,1600,100,input,0.1,15,0.6,600,container,TRUE,25600,7,30,30,100,4,-1,inactive,verbose,./result/result_100000step100000reqs_balancer_with_queue.csv
20260817,10000,100000,req,102400,1600,100,input,0.1,15,0.6,600,container,TRUE,12800,4,30,30,100,8,-1,inactive,verbose,./result/result_100000step100000reqs_balancer_with_queue.csv
20260817,10000,100000,req,102400,1600,100,input,0.1,15,0.6,600,container,TRUE,3200,1,30,30,100,32,-1,inactive,verbose,./result/result_100000step100000reqs_balancer_with_queue.csv
20260817,10000,100000,req,102400,1600,100,input,0.1,15,0.6,600,container,TRUE,1600,1,30,30,100,64,-1,inactive,verbose,./result/result_100000step100000reqs_balancer_with_queue.csv
20260817,10000,100000,req,102400,10,10,input,0.1,15,0.6,600,container,TRUE,102400,2,30,30,100,1,-1,inactive,verbose,./result/result_100000step100000reqs_balancer_with_queue.csv
20260817,10000,100000,req,102400,10,10,input,0.1,15,0.6,600,container,TRUE,25600,1,30,30,100,4,-1,inactive,verbose,./result/result_100000step100000reqs_balancer_with_queue.csv
20260817,10000,100000,req,102400,10,10,input,0.1,15,0.6,600,container,TRUE,12800,1,30,30,100,8,-1,inactive,verbose,./result/result_100000step100000reqs_balancer_with_queue.csv
20260817,10000,100000,req,102400,10,10,input,0.1,15,0.6,600,container,TRUE,3200,1,30,30,100,32,-1,inactive,verbose,./result/result_100000step100000reqs_balancer_with_queue.csv
20260817,10000,100000,req,102400,10,10,input,0.1,15,0.6,600,container,TRUE,1600,1,30,30,100,64,-1,inactive,verbose,./result/result_100000step100000reqs_balancer_with_queue.csv
20260817,10000,100000,req,102400,20,10,input,0.1,15,0.6,600,container,TRUE,102400,4,30,30,100,1,-1,inactive,verbose,./result/result_100000step100000reqs_balancer_with_queue.csv
20260817,10000,100000,req,102400,20,10,input,0.1,15,0.6,600,container,TRUE,25600,1,30,30,100,4,-1,inactive,verbose,./result/result_100000step100000reqs_balancer_with_queue.csv
20260817,10000,100000,req,102400,20,10,input,0.1,15,0.6,600,container,TRUE,12800,1,30,30,100,8,-1,inactive,verbose,./result/result_100000step100000reqs_balancer_with_queue.csv
20260817,10000,100000,req,102400,20,10,input,0.1,15,0.6,600,container,TRUE,3200,1,30,30,100,32,-1,inactive,verbose,./result/result_100000step100000reqs_balancer_with_queue.csv
20260817,10000,100000,req,102400,20,10,input,0.1,15,0.6,600,container,TRUE,1600,1,30,30,100,64,-1,inactive,verbose,./result/result_100000step100000reqs_balancer_with_queue.csv
20260817,10000,100000,req,102400,40,10,input,0.1,15,0.6,600,container,TRUE,102400,7,30,30,100,1,-1,inactive,verbose,./result/result_100000step100000reqs_balancer_with_queue.csv
20260817,10000,100000,req,102400,40,10,input,0.1,15,0.6,600,container,TRUE,25600,2,30,30,100,4,-1,inactive,verbose,./result/result_100000step100000reqs_balancer_with_queue.csv
20260817,10000,100000,req,102400,40,10,input,0.1,15,0.6,600,container,TRUE,12800,1,30,30,100,8,-1,inactive,verbose,./result/result_100000step100000reqs_balancer_with_queue.csv
20260817,10000,100000,req,102400,40,10,input,0.1,15,0.6,600,container,TRUE,3200,1,30,30,100,32,-1,inactive,verbose,./result/result_100000step100000reqs_balancer_with_queue.csv
20260817,10000,100000,req,102400,40,10,input,0.1,15,0.6,600,container,TRUE,1600,1,30,30,100,64,-1,inactive,verbose,./result/result_100000step100000reqs_balancer_with_queue.csv
20260817,10000,100000,req,102400,80,10,input,0.1,15,0.6,600,container,TRUE,102400,14,30,30,100,1,-1,inactive,verbose,./result/result_100000step100000reqs_balancer_with_queue.csv
20260817,10000,100000,req,102400,80,10,input,0.1,15,0.6,600,container,TRUE,25600,4,30,30,100,4,-1,inactive,verbose,./result/result_100000step100000reqs_balancer_with_queue.csv
20260817,10000,100000,req,102400,80,10,input,0.1,15,0.6,600,container,TRUE,12800,2,30,30,100,8,-1,inactive,verbose,./result/result_100000step100000reqs_balancer_with_queue.csv
20260817,10000,100000,req,102400,80,10,input,0.1,15,0.6,600,container,TRUE,3200,1,30,30,100,32,-1,inactive,verbose,./result/result_100000step100000reqs_balancer_with_queue.csv
20260817,10000,100000,req,102400,80,10,input,0.1,15,0.6,600,container,TRUE,1600,1,30,30,100,64,-1,inactive,verbose,./result/result_100000step100000reqs_balancer_with_queue.csv
20260817,10000,100000,req,102400,160,10,input,0.1,15,0.6,600,container,TRUE,102400,27,30,30,100,1,-1,inactive,verbose,./result/result_100000step100000reqs_balancer_with_queue.csv
20260817,10000,100000,req,102400,160,10,input,0.1,15,0.6,600,container,TRUE,25600,7,30,30,100,4,-1,inactive,verbose,./result/result_100000step100000reqs_balancer_with_queue.csv
20260817,10000,100000,req,102400,160,10,input,0.1,15,0.6,600,container,TRUE,12800,4,30,30,100,8,-1,inactive,verbose,./result/result_100000step100000reqs_balancer_with_queue.csv
20260817,10000,100000,req,102400,160,10,input,0.1,15,0.6,600,container,TRUE,3200,1,30,30,100,32,-1,inactive,verbose,./result/result_100000step100000reqs_balancer_with_queue.csv
20260817,10000,100000,req,102400,160,10,input,0.1,15,0.6,600,container,TRUE,1600,1,30,30,100,64,-1,inactive,verbose,./result/result_100000step100000reqs_balancer_with_queue.csv
20260817,10000,100000,req,102400,1,1,input,0.1,15,0.6,600,container,TRUE,102400,2,30,30,100,1,-1,inactive,verbose,./result/result_100000step100000reqs_balancer_with_queue.csv
20260817,10000,100000,req,102400,1,1,input,0.1,15,0.6,600,container,TRUE,25600,1,30,30,100,4,-1,inactive,verbose,./result/result_100000step100000reqs_balancer_with_queue.csv
20260817,10000,100000,req,102400,1,1,input,0.1,15,0.6,600,container,TRUE,12800,1,30,30,100,8,-1,inactive,verbose,./result/result_100000step100000reqs_balancer_with_queue.csv
20260817,10000,100000,req,102400,1,1,input,0.1,15,0.6,600,container,TRUE,3200,1,30,30,100,32,-1,inactive,verbose,./result/result_100000step100000reqs_balancer_with_queue.csv
20260817,10000,100000,req,102400,1,1,input,0.1,15,0.6,600,container,TRUE,1600,1,30,30,100,64,-1,inactive,verbose,./result/result_100000step100000reqs_balancer_with_queue.csv
20260817,10000,100000,req,102400,2,1,input,0.1,15,0.6,600,container,TRUE,102400,4,30,30,100,1,-1,inactive,verbose,./result/result_100000step100000reqs_balancer_with_queue.csv
20260817,10000,100000,req,102400,2,1,input,0.1,15,0.6,600,container,TRUE,25600,1,30,30,100,4,-1,inactive,verbose,./result/result_100000step100000reqs_balancer_with_queue.csv
20260817,10000,100000,req,102400,2,1,input,0.1,15,0.6,600,container,TRUE,12800,1,30,30,100,8,-1,inactive,verbose,./result/result_100000step100000reqs_balancer_with_queue.csv
20260817,10000,100000,req,102400,2,1,input,0.1,15,0.6,600,container,TRUE,3200,1,30,30,100,32,-1,inactive,verbose,./result/result_100000step100000reqs_balancer_with_queue.csv
20260817,10000,100000,req,102400,2,1,input,0.1,15,0.6,600,container,TRUE,1600,1,30,30,100,64,-1,inactive,verbose,./result/result_100000step100000reqs_balancer_with_queue.csv
20260817,10000,100000,req,102400,4,1,input,0.1,15,0.6,600,container,TRUE,102400,7,30,30,100,1,-1,inactive,verbose,./result/result_100000step100000reqs_balancer_with_queue.csv
20260817,10000,100000,req,102400,4,1,input,0.1,15,0.6,600,container,TRUE,25600,2,30,30,100,4,-1,inactive,verbose,./result/result_100000step100000reqs_balancer_with_queue.csv
20260817,10000,100000,req,102400,4,1,input,0.1,15,0.6,600,container,TRUE,12800,1,30,30,100,8,-1,inactive,verbose,./result/result_100000step100000reqs_balancer_with_queue.csv
20260817,10000,100000,req,102400,4,1,input,0.1,15,0.6,600,container,TRUE,3200,1,30,30,100,32,-1,inactive,verbose,./result/result_100000step100000reqs_balancer_with_queue.csv
20260817,10000,100000,req,102400,4,1,input,0.1,15,0.6,600,container,TRUE,1600,1,30,30,100,64,-1,inactive,verbose,./result/result_100000step100000reqs_balancer_with_queue.csv
20260817,10000,100000,req,102400,8,1,input,0.1,15,0.6,600,container,TRUE,102400,14,30,30,100,1,-1,inactive,verbose,./result/result_100000step100000reqs_balancer_with_queue.csv
20260817,10000,100000,req,102400,8,1,input,0.1,15,0.6,600,container,TRUE,25600,4,30,30,100,4,-1,inactive,verbose,./result/result_100000step100000reqs_balancer_with_queue.csv
20260817,10000,100000,req,102400,8,1,input,0.1,15,0.6,600,container,TRUE,12800,2,30,30,100,8,-1,inactive,verbose,./result/result_100000step100000reqs_balancer_with_queue.csv
20260817,10000,100000,req,102400,8,1,input,0.1,15,0.6,600,container,TRUE,3200,1,30,30,100,32,-1,inactive,verbose,./result/result_100000step100000reqs_balancer_with_queue.csv
20260817,10000,100000,req,102400,8,1,input,0.1,15,0.6,600,container,TRUE,1600,1,30,30,100,64,-1,inactive,verbose,./result/result_100000step100000reqs_balancer_with_queue.csv
20260817,10000,100000,req,102400,16,1,input,0.1,15,0.6,600,container,TRUE,102400,27,30,30,100,1,-1,inactive,verbose,./result/result_100000step100000reqs_balancer_with_queue.csv
20260817,10000,100000,req,102400,16,1,input,0.1,15,0.6,600,container,TRUE,25600,7,30,30,100,4,-1,inactive,verbose,./result/result_100000step100000reqs_balancer_with_queue.csv
20260817,10000,100000,req,102400,16,1,input,0.1,15,0.6,600,container,TRUE,12800,4,30,30,100,8,-1,inactive,verbose,./result/result_100000step100000reqs_balancer_with_queue.csv
20260817,10000,100000,req,102400,16,1,input,0.1,15,0.6,600,container,TRUE,3200,1,30,30,100,32,-1,inactive,verbose,./result/result_100000step100000reqs_balancer_with_queue.csv
20260817,10000,100000,req,102400,16,1,input,0.1,15,0.6,600,container,TRUE,1600,1,30,30,100,64,-1,inactive,verbose,./result/result_100000step100000reqs_balancer_with_queue.csv
20260817,10000,100000,req,102400,0.1,0.1,input,0.1,15,0.6,600,container,TRUE,102400,2,30,30,100,1,-1,inactive,verbose,./result/result_100000step100000reqs_balancer_with_queue.csv
20260817,10000,100000,req,102400,0.1,0.1,input,0.1,15,0.6,600,container,TRUE,25600,1,30,30,100,4,-1,inactive,verbose,./result/result_100000step100000reqs_balancer_with_queue.csv
20260817,10000,100000,req,102400,0.1,0.1,input,0.1,15,0.6,600,container,TRUE,12800,1,30,30,100,8,-1,inactive,verbose,./result/result_100000step100000reqs_balancer_with_queue.csv
20260817,10000,100000,req,102400,0.1,0.1,input,0.1,15,0.6,600,container,TRUE,3200,1,30,30,100,32,-1,inactive,verbose,./result/result_100000step100000reqs_balancer_with_queue.csv
20260817,10000,100000,req,102400,0.1,0.1,input,0.1,15,0.6,600,container,TRUE,1600,1,30,30,100,64,-1,inactive,verbose,./result/result_100000step100000reqs_balancer_with_queue.csv
20260817,10000,100000,req,102400,0.2,0.1,input,0.1,15,0.6,600,container,TRUE,102400,4,30,30,100,1,-1,inactive,verbose,./result/result_100000step100000reqs_balancer_with_queue.csv
20260817,10000,100000,req,102400,0.2,0.1,input,0.1,15,0.6,600,container,TRUE,25600,1,30,30,100,4,-1,inactive,verbose,./result/result_100000step100000reqs_balancer_with_queue.csv
20260817,10000,100000,req,102400,0.2,0.1,input,0.1,15,0.6,600,container,TRUE,12800,1,30,30,100,8,-1,inactive,verbose,./result/result_100000step100000reqs_balancer_with_queue.csv
20260817,10000,100000,req,102400,0.2,0.1,input,0.1,15,0.6,600,container,TRUE,3200,1,30,30,100,32,-1,inactive,verbose,./result/result_100000step100000reqs_balancer_with_queue.csv
20260817,10000,100000,req,102400,0.2,0.1,input,0.1,15,0.6,600,container,TRUE,1600,1,30,30,100,64,-1,inactive,verbose,./result/result_100000step100000reqs_balancer_with_queue.csv
20260817,10000,100000,req,102400,0.4,0.1,input,0.1,15,0.6,600,container,TRUE,102400,7,30,30,100,1,-1,inactive,verbose,./result/result_100000step100000reqs_balancer_with_queue.csv
20260817,10000,100000,req,102400,0.4,0.1,input,0.1,15,0.6,600,container,TRUE,25600,2,30,30,100,4,-1,inactive,verbose,./result/result_100000step100000reqs_balancer_with_queue.csv
20260817,10000,100000,req,102400,0.4,0.1,input,0.1,15,0.6,600,container,TRUE,12800,1,30,30,100,8,-1,inactive,verbose,./result/result_100000step100000reqs_balancer_with_queue.csv
20260817,10000,100000,req,102400,0.4,0.1,input,0.1,15,0.6,600,container,TRUE,3200,1,30,30,100,32,-1,inactive,verbose,./result/result_100000step100000reqs_balancer_with_queue.csv
20260817,10000,100000,req,102400,0.4,0.1,input,0.1,15,0.6,600,container,TRUE,1600,1,30,30,100,64,-1,inactive,verbose,./result/result_100000step100000reqs_balancer_with_queue.csv
20260817,10000,100000,req,102400,0.8,0.1,input,0.1,15,0.6,600,container,TRUE,102400,14,30,30,100,1,-1,inactive,verbose,./result/result_100000step100000reqs_balancer_with_queue.csv
20260817,10000,100000,req,102400,0.8,0.1,input,0.1,15,0.6,600,container,TRUE,25600,4,30,30,100,4,-1,inactive,verbose,./result/result_100000step100000reqs_balancer_with_queue.csv
20260817,10000,100000,req,102400,0.8,0.1,input,0.1,15,0.6,600,container,TRUE,12800,2,30,30,100,8,-1,inactive,verbose,./result/result_100000step100000reqs_balancer_with_queue.csv
20260817,10000,100000,req,102400,0.8,0.1,input,0.1,15,0.6,600,container,TRUE,3200,1,30,30,100,32,-1,inactive,verbose,./result/result_100000step100000reqs_balancer_with_queue.csv
20260817,10000,100000,req,102400,0.8,0.1,input,0.1,15,0.6,600,container,TRUE,1600,1,30,30,100,64,-1,inactive,verbose,./result/result_100000step100000reqs_balancer_with_queue.csv
20260817,10000,100000,req,102400,1.6,0.1,input,0.1,15,0.6,600,container,TRUE,102400,27,30,30,100,1,-1,inactive,verbose,./result/result_100000step100000reqs_balancer_with_queue.csv
20260817,10000,100000,req,102400,1.6,0.1,input,0.1,15,0.6,600,container,TRUE,25600,7,30,30,100,4,-1,inactive,verbose,./result/result_100000step100000reqs_balancer_with_queue.csv
20260817,10000,100000,req,102400,1.6,0.1,input,0.1,15,0.6,600,container,TRUE,12800,4,30,30,100,8,-1,inactive,verbose,./result/result_100000step100000reqs_balancer_with_queue.csv
20260817,10000,100000,req,102400,1.6,0.1,input,0.1,15,0.6,600,container,TRUE,3200,1,30,30,100,32,-1,inactive,verbose,./result/result_100000step100000reqs_balancer_with_queue.csv
20260817,10000,100000,req,102400,1.6,0.1,input,0.1,15,0.6,600,container,TRUE,1600,1,30,30,100,64,-1,inactive,verbose,./result/result_100000step100000reqs_balancer_with_queue.csv
20260817,10000,100000,req,102400,0.01,0.01,input,0.1,15,0.6,600,container,TRUE,102400,2,30,30,100,1,-1,inactive,verbose,./result/result_100000step100000reqs_balancer_with_queue.csv
20260817,10000,100000,req,102400,0.01,0.01,input,0.1,15,0.6,600,container,TRUE,25600,1,30,30,100,4,-1,inactive,verbose,./result/result_100000step100000reqs_balancer_with_queue.csv
20260817,10000,100000,req,102400,0.01,0.01,input,0.1,15,0.6,600,container,TRUE,12800,1,30,30,100,8,-1,inactive,verbose,./result/result_100000step100000reqs_balancer_with_queue.csv
20260817,10000,100000,req,102400,0.01,0.01,input,0.1,15,0.6,600,container,TRUE,3200,1,30,30,100,32,-1,inactive,verbose,./result/result_100000step100000reqs_balancer_with_queue.csv
20260817,10000,100000,req,102400,0.01,0.01,input,0.1,15,0.6,600,container,TRUE,1600,1,30,30,100,64,-1,inactive,verbose,./result/result_100000step100000reqs_balancer_with_queue.csv
20260817,10000,100000,req,102400,0.02,0.01,input,0.1,15,0.6,600,container,TRUE,102400,4,30,30,100,1,-1,inactive,verbose,./result/result_100000step100000reqs_balancer_with_queue.csv
20260817,10000,100000,req,102400,0.02,0.01,input,0.1,15,0.6,600,container,TRUE,25600,1,30,30,100,4,-1,inactive,verbose,./result/result_100000step100000reqs_balancer_with_queue.csv
20260817,10000,100000,req,102400,0.02,0.01,input,0.1,15,0.6,600,container,TRUE,12800,1,30,30,100,8,-1,inactive,verbose,./result/result_100000step100000reqs_balancer_with_queue.csv
20260817,10000,100000,req,102400,0.02,0.01,input,0.1,15,0.6,600,container,TRUE,3200,1,30,30,100,32,-1,inactive,verbose,./result/result_100000step100000reqs_balancer_with_queue.csv
20260817,10000,100000,req,102400,0.02,0.01,input,0.1,15,0.6,600,container,TRUE,1600,1,30,30,100,64,-1,inactive,verbose,./result/result_100000step100000reqs_balancer_with_queue.csv
20260817,10000,100000,req,102400,0.04,0.01,input,0.1,15,0.6,600,container,TRUE,102400,7,30,30,100,1,-1,inactive,verbose,./result/result_100000step100000reqs_balancer_with_queue.csv
20260817,10000,100000,req,102400,0.04,0.01,input,0.1,15,0.6,600,container,TRUE,25600,2,30,30,100,4,-1,inactive,verbose,./result/result_100000step100000reqs_balancer_with_queue.csv
20260817,10000,100000,req,102400,0.04,0.01,input,0.1,15,0.6,600,container,TRUE,12800,1,30,30,100,8,-1,inactive,verbose,./result/result_100000step100000reqs_balancer_with_queue.csv
20260817,10000,100000,req,102400,0.04,0.01,input,0.1,15,0.6,600,container,TRUE,3200,1,30,30,100,32,-1,inactive,verbose,./result/result_100000step100000reqs_balancer_with_queue.csv
20260817,10000,100000,req,102400,0.04,0.01,input,0.1,15,0.6,600,container,TRUE,1600,1,30,30,100,64,-1,inactive,verbose,./result/result_100000step100000reqs_balancer_with_queue.csv
20260817,10000,100000,req,102400,0.08,0.01,input,0.1,15,0.6,600,container,TRUE,102400,14,30,30,100,1,-1,inactive,verbose,./result/result_100000step100000reqs_balancer_with_queue.csv
20260817,10000,100000,req,102400,0.08,0.01,input,0.1,15,0.6,600,container,TRUE,25600,4,30,30,100,4,-1,inactive,verbose,./result/result_100000step100000reqs_balancer_with_queue.csv
20260817,10000,100000,req,102400,0.08,0.01,input,0.1,15,0.6,600,container,TRUE,12800,2,30,30,100,8,-1,inactive,verbose,./result/result_100000step100000reqs_balancer_with_queue.csv
20260817,10000,100000,req,102400,0.08,0.01,input,0.1,15,0.6,600,container,TRUE,3200,1,30,30,100,32,-1,inactive,verbose,./result/result_100000step100000reqs_balancer_with_queue.csv
20260817,10000,100000,req,102400,0.08,0.01,input,0.1,15,0.6,600,container,TRUE,1600,1,30,30,100,64,-1,inactive,verbose,./result/result_100000step100000reqs_balancer_with_queue.csv
20260817,10000,100000,req,102400,0.16,0.01,input,0.1,15,0.6,600,container,TRUE,102400,27,30,30,100,1,-1,inactive,verbose,./result/result_100000step100000reqs_balancer_with_queue.csv
20260817,10000,100000,req,102400,0.16,0.01,input,0.1,15,0.6,600,container,TRUE,25600,7,30,30,100,4,-1,inactive,verbose,./result/result_100000step100000reqs_balancer_with_queue.csv
20260817,10000,100000,req,102400,0.16,0.01,input,0.1,15,0.6,600,container,TRUE,12800,4,30,30,100,8,-1,inactive,verbose,./result/result_100000step100000reqs_balancer_with_queue.csv
20260817,10000,100000,req,102400,0.16,0.01,input,0.1,15,0.6,600,container,TRUE,3200,1,30,30,100,32,-1,inactive,verbose,./result/result_100000step100000reqs_balancer_with_queue.csv
20260817,10000,100000,req,102400,0.16,0.01,input,0.1,15,0.6,600,container,TRUE,1600,1,30,30,100,64,-1,inactive,verbose,./result/result_100000step100000reqs_balancer_with_queue.csv
####serverless,,,,,,,,,,,,,,,,,,,,,,,
#20260817,10000,100000,req,102400,0.1,0.01,input,0.1,15,0.6,600,serverless,TRUE,102400,0,1,1,100,1,-1,inactive,verbose,./result/result_100000step100000reqs_serverless.csv
#20260817,10000,100000,req,102400,0.1,1,input,0.1,15,0.6,600,serverless,TRUE,102400,0,1,1,100,1,-1,inactive,verbose,./result/result_100000step100000reqs_serverless.csv
#20260817,10000,100000,req,102400,0.1,100,input,0.1,15,0.6,600,serverless,TRUE,102400,0,1,1,100,1,-1,inactive,verbose,./result/result_100000step100000reqs_serverless.csv
#20260817,10000,100000,req,102400,1,0.01,input,0.1,15,0.6,600,serverless,TRUE,102400,0,1,1,100,1,-1,inactive,verbose,./result/result_100000step100000reqs_serverless.csv
#20260817,10000,100000,req,102400,1,1,input,0.1,15,0.6,600,serverless,TRUE,102400,0,1,1,100,1,-1,inactive,verbose,./result/result_100000step100000reqs_serverless.csv
#20260817,10000,100000,req,102400,1,100,input,0.1,15,0.6,600,serverless,TRUE,102400,0,1,1,100,1,-1,inactive,verbose,./result/result_100000step100000reqs_serverless.csv
#20260817,10000,100000,req,102400,10,0.01,input,0.1,15,0.6,600,serverless,TRUE,102400,0,1,1,100,1,-1,inactive,verbose,./result/result_100000step100000reqs_serverless.csv
#20260817,10000,100000,req,102400,10,1,input,0.1,15,0.6,600,serverless,TRUE,102400,0,1,1,100,1,-1,inactive,verbose,./result/result_100000step100000reqs_serverless.csv
#20260817,10000,100000,req,102400,10,100,input,0.1,15,0.6,600,serverless,TRUE,102400,0,1,1,100,1,-1,inactive,verbose,./result/result_100000step100000reqs_serverless.csv
###container,,,,,,,,,,,,,,,,,,,,,,,
#20260817,10000,100000,req,102400,0.1,0.01,input,0.1,15,0.6,600,container,TRUE,102400,17,30,30,100,1,-1,inactive,verbose,./result/result_100000step100000reqs_balancer_with_queue.csv
#20260817,10000,100000,req,102400,0.1,1,input,0.1,15,0.6,600,container,TRUE,102400,1,30,30,100,1,-1,inactive,verbose,./result/result_100000step100000reqs_balancer_with_queue.csv
#20260817,10000,100000,req,102400,0.1,100,input,0.1,15,0.6,600,container,TRUE,102400,1,30,30,100,1,-1,inactive,verbose,./result/result_100000step100000reqs_balancer_with_queue.csv
#20260817,10000,100000,req,102400,1,0.01,input,0.1,15,0.6,600,container,TRUE,102400,167,30,30,100,1,-1,inactive,verbose,./result/result_100000step100000reqs_balancer_with_queue.csv
#20260817,10000,100000,req,102400,1,1,input,0.1,15,0.6,600,container,TRUE,102400,2,30,30,100,1,-1,inactive,verbose,./result/result_100000step100000reqs_balancer_with_queue.csv
#20260817,10000,100000,req,102400,1,100,input,0.1,15,0.6,600,container,TRUE,102400,1,30,30,100,1,-1,inactive,verbose,./result/result_100000step100000reqs_balancer_with_queue.csv
#20260817,10000,100000,req,102400,10,0.01,input,0.1,15,0.6,600,container,TRUE,102400,1667,30,30,100,1,-1,inactive,verbose,./result/result_100000step100000reqs_balancer_with_queue.csv
#20260817,10000,100000,req,102400,10,1,input,0.1,15,0.6,600,container,TRUE,102400,17,30,30,100,1,-1,inactive,verbose,./result/result_100000step100000reqs_balancer_with_queue.csv
#20260817,10000,100000,req,102400,10,100,input,0.1,15,0.6,600,container,TRUE,102400,1,30,30,100,1,-1,inactive,verbose,./result/result_100000step100000reqs_balancer_with_queue.csv
#,,,,,,,,,,,,,,,,,,,,,,,
#20260817,10000,100000,req,102400,0.1,0.01,input,0.1,15,0.6,600,container,TRUE,51200,9,30,30,100,2,-1,inactive,verbose,./result/result_100000step100000reqs_balancer_with_queue.csv
#20260817,10000,100000,req,102400,0.1,1,input,0.1,15,0.6,600,container,TRUE,51200,1,30,30,100,2,-1,inactive,verbose,./result/result_100000step100000reqs_balancer_with_queue.csv
#20260817,10000,100000,req,102400,0.1,100,input,0.1,15,0.6,600,container,TRUE,51200,1,30,30,100,2,-1,inactive,verbose,./result/result_100000step100000reqs_balancer_with_queue.csv
#20260817,10000,100000,req,102400,1,0.01,input,0.1,15,0.6,600,container,TRUE,51200,84,30,30,100,2,-1,inactive,verbose,./result/result_100000step100000reqs_balancer_with_queue.csv
#20260817,10000,100000,req,102400,1,1,input,0.1,15,0.6,600,container,TRUE,51200,1,30,30,100,2,-1,inactive,verbose,./result/result_100000step100000reqs_balancer_with_queue.csv
#20260817,10000,100000,req,102400,1,100,input,0.1,15,0.6,600,container,TRUE,51200,1,30,30,100,2,-1,inactive,verbose,./result/result_100000step100000reqs_balancer_with_queue.csv
#20260817,10000,100000,req,102400,10,0.01,input,0.1,15,0.6,600,container,TRUE,51200,834,30,30,100,2,-1,inactive,verbose,./result/result_100000step100000reqs_balancer_with_queue.csv
#20260817,10000,100000,req,102400,10,1,input,0.1,15,0.6,600,container,TRUE,51200,9,30,30,100,2,-1,inactive,verbose,./result/result_100000step100000reqs_balancer_with_queue.csv
#20260817,10000,100000,req,102400,10,100,input,0.1,15,0.6,600,container,TRUE,51200,1,30,30,100,2,-1,inactive,verbose,./result/result_100000step100000reqs_balancer_with_queue.csv
#,,,,,,,,,,,,,,,,,,,,,,,
#20260817,10000,100000,req,102400,0.1,0.01,input,0.1,15,0.6,600,container,TRUE,25600,5,30,30,100,4,-1,inactive,verbose,./result/result_100000step100000reqs_balancer_with_queue.csv
#20260817,10000,100000,req,102400,0.1,1,input,0.1,15,0.6,600,container,TRUE,25600,1,30,30,100,4,-1,inactive,verbose,./result/result_100000step100000reqs_balancer_with_queue.csv
#20260817,10000,100000,req,102400,0.1,100,input,0.1,15,0.6,600,container,TRUE,25600,1,30,30,100,4,-1,inactive,verbose,./result/result_100000step100000reqs_balancer_with_queue.csv
#20260817,10000,100000,req,102400,1,0.01,input,0.1,15,0.6,600,container,TRUE,25600,42,30,30,100,4,-1,inactive,verbose,./result/result_100000step100000reqs_balancer_with_queue.csv
#20260817,10000,100000,req,102400,1,1,input,0.1,15,0.6,600,container,TRUE,25600,1,30,30,100,4,-1,inactive,verbose,./result/result_100000step100000reqs_balancer_with_queue.csv
#20260817,10000,100000,req,102400,1,100,input,0.1,15,0.6,600,container,TRUE,25600,1,30,30,100,4,-1,inactive,verbose,./result/result_100000step100000reqs_balancer_with_queue.csv
#20260817,10000,100000,req,102400,10,0.01,input,0.1,15,0.6,600,container,TRUE,25600,417,30,30,100,4,-1,inactive,verbose,./result/result_100000step100000reqs_balancer_with_queue.csv
#20260817,10000,100000,req,102400,10,1,input,0.1,15,0.6,600,container,TRUE,25600,5,30,30,100,4,-1,inactive,verbose,./result/result_100000step100000reqs_balancer_with_queue.csv
#20260817,10000,100000,req,102400,10,100,input,0.1,15,0.6,600,container,TRUE,25600,1,30,30,100,4,-1,inactive,verbose,./result/result_100000step100000reqs_balancer_with_queue.csv
#,,,,,,,,,,,,,,,,,,,,,,,
#20260817,10000,100000,req,102400,0.1,0.01,input,0.1,15,0.6,600,container,TRUE,12800,3,30,30,100,8,-1,inactive,verbose,./result/result_100000step100000reqs_balancer_with_queue.csv
#20260817,10000,100000,req,102400,0.1,1,input,0.1,15,0.6,600,container,TRUE,12800,1,30,30,100,8,-1,inactive,verbose,./result/result_100000step100000reqs_balancer_with_queue.csv
#20260817,10000,100000,req,102400,0.1,100,input,0.1,15,0.6,600,container,TRUE,12800,1,30,30,100,8,-1,inactive,verbose,./result/result_100000step100000reqs_balancer_with_queue.csv
#20260817,10000,100000,req,102400,1,0.01,input,0.1,15,0.6,600,container,TRUE,12800,21,30,30,100,8,-1,inactive,verbose,./result/result_100000step100000reqs_balancer_with_queue.csv
#20260817,10000,100000,req,102400,1,1,input,0.1,15,0.6,600,container,TRUE,12800,1,30,30,100,8,-1,inactive,verbose,./result/result_100000step100000reqs_balancer_with_queue.csv
#20260817,10000,100000,req,102400,1,100,input,0.1,15,0.6,600,container,TRUE,12800,1,30,30,100,8,-1,inactive,verbose,./result/result_100000step100000reqs_balancer_with_queue.csv
#20260817,10000,100000,req,102400,10,0.01,input,0.1,15,0.6,600,container,TRUE,12800,209,30,30,100,8,-1,inactive,verbose,./result/result_100000step100000reqs_balancer_with_queue.csv
#20260817,10000,100000,req,102400,10,1,input,0.1,15,0.6,600,container,TRUE,12800,3,30,30,100,8,-1,inactive,verbose,./result/result_100000step100000reqs_balancer_with_queue.csv
#20260817,10000,100000,req,102400,10,100,input,0.1,15,0.6,600,container,TRUE,12800,1,30,30,100,8,-1,inactive,verbose,./result/result_100000step100000reqs_balancer_with_queue.csv
#,,,,,,,,,,,,,,,,,,,,,,,
#20260817,10000,100000,req,102400,0.1,0.01,input,0.1,15,0.6,600,container,TRUE,6400,2,30,30,100,16,-1,inactive,verbose,./result/result_100000step100000reqs_balancer_with_queue.csv
#20260817,10000,100000,req,102400,0.1,1,input,0.1,15,0.6,600,container,TRUE,6400,1,30,30,100,16,-1,inactive,verbose,./result/result_100000step100000reqs_balancer_with_queue.csv
#20260817,10000,100000,req,102400,0.1,100,input,0.1,15,0.6,600,container,TRUE,6400,1,30,30,100,16,-1,inactive,verbose,./result/result_100000step100000reqs_balancer_with_queue.csv
#20260817,10000,100000,req,102400,1,0.01,input,0.1,15,0.6,600,container,TRUE,6400,11,30,30,100,16,-1,inactive,verbose,./result/result_100000step100000reqs_balancer_with_queue.csv
#20260817,10000,100000,req,102400,1,1,input,0.1,15,0.6,600,container,TRUE,6400,1,30,30,100,16,-1,inactive,verbose,./result/result_100000step100000reqs_balancer_with_queue.csv
#20260817,10000,100000,req,102400,1,100,input,0.1,15,0.6,600,container,TRUE,6400,1,30,30,100,16,-1,inactive,verbose,./result/result_100000step100000reqs_balancer_with_queue.csv
#20260817,10000,100000,req,102400,10,0.01,input,0.1,15,0.6,600,container,TRUE,6400,105,30,30,100,16,-1,inactive,verbose,./result/result_100000step100000reqs_balancer_with_queue.csv
#20260817,10000,100000,req,102400,10,1,input,0.1,15,0.6,600,container,TRUE,6400,2,30,30,100,16,-1,inactive,verbose,./result/result_100000step100000reqs_balancer_with_queue.csv
#20260817,10000,100000,req,102400,10,100,input,0.1,15,0.6,600,container,TRUE,6400,1,30,30,100,16,-1,inactive,verbose,./result/result_100000step100000reqs_balancer_with_queue.csv
#,,,,,,,,,,,,,,,,,,,,,,,
#20260817,10000,100000,req,102400,0.1,0.01,input,0.1,15,0.6,600,container,TRUE,3200,1,30,30,100,32,-1,inactive,verbose,./result/result_100000step100000reqs_balancer_with_queue.csv
#20260817,10000,100000,req,102400,0.1,1,input,0.1,15,0.6,600,container,TRUE,3200,1,30,30,100,32,-1,inactive,verbose,./result/result_100000step100000reqs_balancer_with_queue.csv
#20260817,10000,100000,req,102400,0.1,100,input,0.1,15,0.6,600,container,TRUE,3200,1,30,30,100,32,-1,inactive,verbose,./result/result_100000step100000reqs_balancer_with_queue.csv
#20260817,10000,100000,req,102400,1,0.01,input,0.1,15,0.6,600,container,TRUE,3200,6,30,30,100,32,-1,inactive,verbose,./result/result_100000step100000reqs_balancer_with_queue.csv
#20260817,10000,100000,req,102400,1,1,input,0.1,15,0.6,600,container,TRUE,3200,1,30,30,100,32,-1,inactive,verbose,./result/result_100000step100000reqs_balancer_with_queue.csv
#20260817,10000,100000,req,102400,1,100,input,0.1,15,0.6,600,container,TRUE,3200,1,30,30,100,32,-1,inactive,verbose,./result/result_100000step100000reqs_balancer_with_queue.csv
#20260817,10000,100000,req,102400,10,0.01,input,0.1,15,0.6,600,container,TRUE,3200,53,30,30,100,32,-1,inactive,verbose,./result/result_100000step100000reqs_balancer_with_queue.csv
#20260817,10000,100000,req,102400,10,1,input,0.1,15,0.6,600,container,TRUE,3200,1,30,30,100,32,-1,inactive,verbose,./result/result_100000step100000reqs_balancer_with_queue.csv
#20260817,10000,100000,req,102400,10,100,input,0.1,15,0.6,600,container,TRUE,3200,1,30,30,100,32,-1,inactive,verbose,./result/result_100000step100000reqs_balancer_with_queue.csv
#,,,,,,,,,,,,,,,,,,,,,,,
#20260817,10000,100000,req,102400,0.1,0.01,input,0.1,15,0.6,600,container,TRUE,1600,1,30,30,100,64,-1,inactive,verbose,./result/result_100000step100000reqs_balancer_with_queue.csv
#20260817,10000,100000,req,102400,0.1,1,input,0.1,15,0.6,600,container,TRUE,1600,1,30,30,100,64,-1,inactive,verbose,./result/result_100000step100000reqs_balancer_with_queue.csv
#20260817,10000,100000,req,102400,0.1,100,input,0.1,15,0.6,600,container,TRUE,1600,1,30,30,100,64,-1,inactive,verbose,./result/result_100000step100000reqs_balancer_with_queue.csv
#20260817,10000,100000,req,102400,1,0.01,input,0.1,15,0.6,600,container,TRUE,1600,3,30,30,100,64,-1,inactive,verbose,./result/result_100000step100000reqs_balancer_with_queue.csv
#20260817,10000,100000,req,102400,1,1,input,0.1,15,0.6,600,container,TRUE,1600,1,30,30,100,64,-1,inactive,verbose,./result/result_100000step100000reqs_balancer_with_queue.csv
#20260817,10000,100000,req,102400,1,100,input,0.1,15,0.6,600,container,TRUE,1600,1,30,30,100,64,-1,inactive,verbose,./result/result_100000step100000reqs_balancer_with_queue.csv
#20260817,10000,100000,req,102400,10,0.01,input,0.1,15,0.6,600,container,TRUE,1600,27,30,30,100,64,-1,inactive,verbose,./result/result_100000step100000reqs_balancer_with_queue.csv
#20260817,10000,100000,req,102400,10,1,input,0.1,15,0.6,600,container,TRUE,1600,1,30,30,100,64,-1,inactive,verbose,./result/result_100000step100000reqs_balancer_with_queue.csv
#20260817,10000,100000,req,102400,10,100,input,0.1,15,0.6,600,container,TRUE,1600,1,30,30,100,64,-1,inactive,verbose,./result/result_100000step100000reqs_balancer_with_queue.csv
#,,,,,,,,,,,,,,,,,,,,,,,
#20260817,10000,100000,req,102400,0.1,0.01,input,0.1,15,0.6,600,container,TRUE,800,1,30,30,100,128,-1,inactive,verbose,./result/result_100000step100000reqs_balancer_with_queue.csv
#20260817,10000,100000,req,102400,0.1,1,input,0.1,15,0.6,600,container,TRUE,800,1,30,30,100,128,-1,inactive,verbose,./result/result_100000step100000reqs_balancer_with_queue.csv
#20260817,10000,100000,req,102400,0.1,100,input,0.1,15,0.6,600,container,TRUE,800,1,30,30,100,128,-1,inactive,verbose,./result/result_100000step100000reqs_balancer_with_queue.csv
#20260817,10000,100000,req,102400,1,0.01,input,0.1,15,0.6,600,container,TRUE,800,2,30,30,100,128,-1,inactive,verbose,./result/result_100000step100000reqs_balancer_with_queue.csv
#20260817,10000,100000,req,102400,1,1,input,0.1,15,0.6,600,container,TRUE,800,1,30,30,100,128,-1,inactive,verbose,./result/result_100000step100000reqs_balancer_with_queue.csv
#20260817,10000,100000,req,102400,1,100,input,0.1,15,0.6,600,container,TRUE,800,1,30,30,100,128,-1,inactive,verbose,./result/result_100000step100000reqs_balancer_with_queue.csv
#20260817,10000,100000,req,102400,10,0.01,input,0.1,15,0.6,600,container,TRUE,800,14,30,30,100,128,-1,inactive,verbose,./result/result_100000step100000reqs_balancer_with_queue.csv
#20260817,10000,100000,req,102400,10,1,input,0.1,15,0.6,600,container,TRUE,800,1,30,30,100,128,-1,inactive,verbose,./result/result_100000step100000reqs_balancer_with_queue.csv
#20260817,10000,100000,req,102400,10,100,input,0.1,15,0.6,600,container,TRUE,800,1,30,30,100,128,-1,inactive,verbose,./result/result_100000step100000reqs_balancer_with_queue.csv
#,,,,,,,,,,,,,,,,,,,,,,,
#20260817,10000,100000,req,102400,0.1,0.01,input,0.1,15,0.6,600,container,TRUE,400,1,30,30,100,256,-1,inactive,verbose,./result/result_100000step100000reqs_balancer_with_queue.csv
#20260817,10000,100000,req,102400,0.1,1,input,0.1,15,0.6,600,container,TRUE,400,1,30,30,100,256,-1,inactive,verbose,./result/result_100000step100000reqs_balancer_with_queue.csv
#20260817,10000,100000,req,102400,0.1,100,input,0.1,15,0.6,600,container,TRUE,400,1,30,30,100,256,-1,inactive,verbose,./result/result_100000step100000reqs_balancer_with_queue.csv
#20260817,10000,100000,req,102400,1,0.01,input,0.1,15,0.6,600,container,TRUE,400,1,30,30,100,256,-1,inactive,verbose,./result/result_100000step100000reqs_balancer_with_queue.csv
#20260817,10000,100000,req,102400,1,1,input,0.1,15,0.6,600,container,TRUE,400,1,30,30,100,256,-1,inactive,verbose,./result/result_100000step100000reqs_balancer_with_queue.csv
#20260817,10000,100000,req,102400,1,100,input,0.1,15,0.6,600,container,TRUE,400,1,30,30,100,256,-1,inactive,verbose,./result/result_100000step100000reqs_balancer_with_queue.csv
#20260817,10000,100000,req,102400,10,0.01,input,0.1,15,0.6,600,container,TRUE,400,7,30,30,100,256,-1,inactive,verbose,./result/result_100000step100000reqs_balancer_with_queue.csv
#20260817,10000,100000,req,102400,10,1,input,0.1,15,0.6,600,container,TRUE,400,1,30,30,100,256,-1,inactive,verbose,./result/result_100000step100000reqs_balancer_with_queue.csv
#20260817,10000,100000,req,102400,10,100,input,0.1,15,0.6,600,container,TRUE,400,1,30,30,100,256,-1,inactive,verbose,./result/result_100000step100000reqs_balancer_with_queue.csv
#,,,,,,,,,,,,,,,,,,,,,,,
#20260817,10000,100000,req,102400,0.1,0.01,input,0.1,15,0.6,600,container,TRUE,200,1,30,30,100,512,-1,inactive,verbose,./result/result_100000step100000reqs_balancer_with_queue.csv
#20260817,10000,100000,req,102400,0.1,1,input,0.1,15,0.6,600,container,TRUE,200,1,30,30,100,512,-1,inactive,verbose,./result/result_100000step100000reqs_balancer_with_queue.csv
#20260817,10000,100000,req,102400,0.1,100,input,0.1,15,0.6,600,container,TRUE,200,1,30,30,100,512,-1,inactive,verbose,./result/result_100000step100000reqs_balancer_with_queue.csv
#20260817,10000,100000,req,102400,1,0.01,input,0.1,15,0.6,600,container,TRUE,200,1,30,30,100,512,-1,inactive,verbose,./result/result_100000step100000reqs_balancer_with_queue.csv
#20260817,10000,100000,req,102400,1,1,input,0.1,15,0.6,600,container,TRUE,200,1,30,30,100,512,-1,inactive,verbose,./result/result_100000step100000reqs_balancer_with_queue.csv
#20260817,10000,100000,req,102400,1,100,input,0.1,15,0.6,600,container,TRUE,200,1,30,30,100,512,-1,inactive,verbose,./result/result_100000step100000reqs_balancer_with_queue.csv
#20260817,10000,100000,req,102400,10,0.01,input,0.1,15,0.6,600,container,TRUE,200,4,30,30,100,512,-1,inactive,verbose,./result/result_100000step100000reqs_balancer_with_queue.csv
#20260817,10000,100000,req,102400,10,1,input,0.1,15,0.6,600,container,TRUE,200,1,30,30,100,512,-1,inactive,verbose,./result/result_100000step100000reqs_balancer_with_queue.csv
#20260817,10000,100000,req,102400,10,100,input,0.1,15,0.6,600,container,TRUE,200,1,30,30,100,512,-1,inactive,verbose,./result/result_100000step100000reqs_balancer_with_queue.csv
#,,,,,,,,,,,,,,,,,,,,,,,
#20260817,10000,100000,req,102400,0.1,0.01,input,0.1,15,0.6,600,container,TRUE,100,1,30,30,100,1024,-1,inactive,verbose,./result/result_100000step100000reqs_balancer_with_queue.csv
#20260817,10000,100000,req,102400,0.1,1,input,0.1,15,0.6,600,container,TRUE,100,1,30,30,100,1024,-1,inactive,verbose,./result/result_100000step100000reqs_balancer_with_queue.csv
#20260817,10000,100000,req,102400,0.1,100,input,0.1,15,0.6,600,container,TRUE,100,1,30,30,100,1024,-1,inactive,verbose,./result/result_100000step100000reqs_balancer_with_queue.csv
#20260817,10000,100000,req,102400,1,0.01,input,0.1,15,0.6,600,container,TRUE,100,1,30,30,100,1024,-1,inactive,verbose,./result/result_100000step100000reqs_balancer_with_queue.csv
#20260817,10000,100000,req,102400,1,1,input,0.1,15,0.6,600,container,TRUE,100,1,30,30,100,1024,-1,inactive,verbose,./result/result_100000step100000reqs_balancer_with_queue.csv
#20260817,10000,100000,req,102400,1,100,input,0.1,15,0.6,600,container,TRUE,100,1,30,30,100,1024,-1,inactive,verbose,./result/result_100000step100000reqs_balancer_with_queue.csv
#20260817,10000,100000,req,102400,10,0.01,input,0.1,15,0.6,600,container,TRUE,100,2,30,30,100,1024,-1,inactive,verbose,./result/result_100000step100000reqs_balancer_with_queue.csv
#20260817,10000,100000,req,102400,10,1,input,0.1,15,0.6,600,container,TRUE,100,1,30,30,100,1024,-1,inactive,verbose,./result/result_100000step100000reqs_balancer_with_queue.csv
#20260817,10000,100000,req,102400,10,100,input,0.1,15,0.6,600,container,TRUE,100,1,30,30,100,1024,-1,inactive,verbose,./result/result_100000step100000reqs_balancer_with_queue.csv
